ITEMID,COUNT
6240,1
7041,1
1165,1
1747,1
1408,1
6069,1
5941,1
2597,1
6590,1
6584,1
7809,1
5697,1
2681,1
1099,1
6647,1
5768,1
5709,1
5678,1
5785,1
7120,1
7625,1
5897,1
5718,1
6170,1
5810,1
1458,1
5862,1
1334,1
2690,1
6169,1
3200,1
7910,1
7610,1
2856,1
1490,1
7534,1
6014,1
1011,1
1350,1
6225,1
6190,1
7516,1
2224,1
3059,1
3060,1
5961,1
6247,1
5761,1
6174,1
6202,1
5721,1
1053,1
2581,1
5812,1
1984,1
6467,1
1471,1
1460,1
3088,1
2351,1
2961,1
5652,1
6253,1
1354,1
7000,1
6919,1
6083,1
7606,1
7694,1
5770,1
6790,1
6064,1
8181,1
6687,1
1719,1
2903,1
6085,1
7958,1
6029,1
1919,1
6257,1
6024,1
6068,1
1572,1
7485,1
7787,1
7919,1
1107,1
5821,1
5752,1
6113,1
7293,1
5575,1
7614,1
6826,1
6896,1
5585,1
5806,1
6311,1
6184,1
3066,1
6189,1
6210,1
2459,1
5747,1
6070,1
1552,1
7541,1
7439,1
6020,1
1447,1
5984,1
5838,1
5765,1
6061,1
6203,1
1812,1
6047,1
6465,1
1124,1
1220,1
5932,1
5692,1
223059,1
6088,1
1315,1
6186,1
6227,1
3072,1
1409,1
6104,1
7969,1
7961,1
5771,1
2978,1
2693,1
5834,1
7671,1
6643,1
6205,1
7111,1
5649,1
6112,1
6481,1
6236,1
5945,1
7773,1
6009,1
8044,1
1628,1
1748,1
6244,1
5784,1
1189,1
2562,1
5802,1
3226,1
5872,1
3061,1
1918,1
1818,1
8220,1
5562,1
7797,1
6134,1
5875,1
2372,1
6540,1
2974,1
2686,1
6466,1
226741,1
1192,1
3220,1
7680,1
2756,1
6161,1
6131,1
5994,1
6304,1
6172,1
1744,1
7645,1
6766,1
6310,1
5949,1
2737,1
6209,1
6193,1
5723,1
6155,1
1095,1
2988,1
1917,1
7618,1
6307,1
5759,1
1888,1
5750,1
5635,1
2582,1
5811,1
1475,1
6350,1
5738,1
7135,1
7774,1
5946,1
6940,1
7260,1
2880,1
2704,1
6448,1
6443,1
2347,1
5711,1
7850,1
4922,1
7717,1
228181,1
6601,1
5833,1
5876,1
6226,1
7121,1
7620,1
7622,1
6430,1
1636,1
5947,1
5668,1
5637,1
8208,1
8209,1
6349,1
2412,1
5885,1
7966,1
6298,1
6116,1
5929,1
2688,1
2692,1
6483,1
6214,1
225657,1
6274,1
6158,1
6277,1
6050,1
2304,1
2014,1
5695,1
1451,1
2902,1
5831,1
6082,1
6749,1
1545,1
8225,1
3174,1
6135,1
6486,1
7337,1
227122,1
6238,1
6480,1
6035,1
6093,1
4428,1
6339,1
6906,1
5863,1
6122,1
1369,1
6185,1
6587,1
8014,1
7911,1
6237,1
7246,1
1042,1
224726,1
6146,1
3201,1
5873,1
5968,1
4755,1
7146,1
1649,1
6086,1
7540,1
2116,1
8053,1
5958,1
6276,1
5693,1
2358,1
1346,1
5880,1
2281,1
3798,1
1456,1
7407,1
6297,1
7643,1
5996,1
1634,1
5740,1
6058,1
5886,1
5930,1
7778,1
6585,1
3776,1
3199,1
6618,1
5777,1
6108,1
6111,1
5779,1
6054,1
5976,1
7965,1
5042,1
6067,1
7528,1
7837,1
7642,1
8268,1
7948,1
2363,1
2416,1
2561,1
5890,1
5741,1
5855,1
6300,1
1686,1
5948,1
2126,1
3334,1
5848,1
7229,1
5970,1
6171,1
6055,1
5559,1
6305,1
2691,1
6482,1
227039,1
3253,1
5329,1
1627,1
3653,1
5766,1
5826,1
7746,1
6220,1
2901,1
3228,1
5844,1
5778,1
6142,1
5829,1
1335,1
6179,1
1114,1
3140,1
5699,1
2398,1
3028,1
5794,1
7814,1
4198,1
5896,2
2788,2
7949,2
7158,2
6224,2
6154,2
1103,2
6062,2
7570,2
5442,2
6175,2
6319,2
2130,2
5852,2
1680,2
2989,2
6016,2
1034,2
541,2
6223,2
5977,2
1225,2
1838,2
5710,2
228206,2
3032,2
226988,2
5719,2
5722,2
6285,2
1332,2
7811,2
6434,2
2060,2
8301,2
6216,2
6969,2
8113,2
5964,2
1360,2
1414,2
7063,2
1543,2
5659,2
5963,2
6011,2
1946,2
6290,2
7294,2
4944,2
227056,2
228163,2
7026,2
228446,2
1364,2
5468,2
2684,2
2563,2
6071,2
227654,2
6001,2
7812,2
6198,2
6096,2
5751,2
6817,2
6204,2
3194,2
6306,2
1741,2
7088,2
5704,2
6017,2
226997,2
5712,2
7440,2
7403,2
5392,2
2434,2
5781,2
1204,2
3105,2
2647,2
2421,2
6294,2
6725,2
226742,2
227032,2
228450,2
6043,2
7638,2
7607,2
7608,2
6689,2
5849,2
1835,2
5978,2
1415,2
6889,2
1606,2
6120,2
6232,2
7025,2
6052,2
6271,2
7345,2
7364,2
6157,2
6197,2
5898,2
6895,2
1553,2
1887,2
1314,2
5634,2
1413,2
3167,2
7720,2
587,2
7124,2
1096,2
3075,2
6018,2
2319,2
7435,2
1450,2
3107,2
6022,2
6094,2
3031,2
5696,2
6045,2
1069,2
3097,2
3111,2
1362,2
6030,2
5835,2
6470,2
2338,2
1732,2
5956,2
226983,2
7777,2
1228,2
8177,2
6183,2
1555,2
6211,2
1387,2
1412,2
6254,2
2140,2
6008,2
3074,2
942,2
227655,2
6313,2
225656,2
5793,2
6117,2
8152,2
7765,2
2767,2
227008,2
8048,2
1035,2
6688,2
2972,2
3258,2
1504,2
1448,2
5983,2
2934,2
2497,2
5967,2
6087,2
1494,2
6275,2
1219,3
1361,3
2076,3
5421,3
1067,3
7394,3
5940,3
6287,3
6105,3
1376,3
6629,3
224816,3
6293,3
5724,3
1645,3
6032,3
5731,3
6640,3
6107,3
6199,3
5889,3
7176,3
1040,3
5677,3
2555,3
225409,3
1617,3
8170,3
6729,3
8361,3
6091,3
3359,3
6292,3
5646,3
2402,3
7799,3
228448,3
5404,3
6249,3
5788,3
8364,3
7308,3
1579,3
5576,3
1453,3
228217,3
5708,3
5674,3
2081,3
5891,3
4901,3
5743,3
6309,3
6097,3
1100,3
5987,3
7650,3
6748,3
3260,3
1502,3
2752,3
2043,3
6019,3
6231,3
7982,3
8100,3
1512,3
6934,3
3195,3
2780,3
6106,3
5561,3
6245,3
5662,3
226986,3
8099,3
4433,3
7597,3
3751,3
3254,3
6912,3
4941,3
4553,3
8360,3
2572,3
6233,3
4297,3
3045,3
1678,3
5934,3
6820,3
6048,3
2748,3
6044,3
6081,3
1547,3
7571,3
1059,3
5989,3
8033,3
7262,3
3190,3
6015,3
5877,3
4477,3
6039,3
5650,3
1039,3
5836,3
5311,3
227428,3
8101,3
6579,3
2225,3
6947,3
5901,3
6291,3
3108,3
2461,3
1971,3
5995,3
5725,3
228171,3
6303,3
3010,3
2273,3
6192,3
1907,3
7600,3
1061,3
5521,3
5283,3
5606,3
6248,3
6283,3
6932,3
2773,3
2050,4
4263,4
7351,4
5244,4
5123,4
6212,4
6281,4
3081,4
8134,4
1341,4
5965,4
6076,4
5455,4
1716,4
7128,4
5993,4
1842,4
6165,4
2967,4
1869,4
2353,4
2396,4
6794,4
6269,4
2380,4
2751,4
6092,4
5780,4
6793,4
8000,4
1052,4
7325,4
4289,4
5853,4
6133,4
226981,4
3268,4
6795,4
1727,4
6288,4
5858,4
2965,4
2437,4
7288,4
1694,4
1036,4
6074,4
1809,4
7581,4
1224,4
2012,4
2732,4
5694,4
2706,4
1058,4
2124,4
228167,4
4375,4
5199,4
3119,4
7289,4
5661,4
1202,4
4833,4
6429,4
6084,4
7504,4
2481,4
938,4
4789,4
5925,4
6552,4
6691,4
2705,4
2511,4
6352,4
6935,4
5595,4
6123,4
2765,4
8173,4
2044,4
5671,4
1338,4
7070,4
2760,4
5927,4
2889,4
8183,4
3100,4
4966,4
2651,4
228172,4
5893,4
8179,4
5716,5
6870,5
1664,5
6489,5
6178,5
1656,5
2750,5
7884,5
1549,5
5564,5
2775,5
5333,5
1310,5
5894,5
2404,5
6931,5
1592,5
1713,5
227850,5
2661,5
3049,5
1646,5
2929,5
6265,5
2673,5
4672,5
5410,5
2657,5
1852,5
1626,5
5469,5
3175,5
2135,5
7020,5
7021,5
6270,5
4472,5
1583,5
1585,5
226740,5
5775,5
1497,5
7798,5
1501,5
227037,5
5192,5
6261,5
1370,5
2367,5
7022,5
7023,5
227036,5
819,5
1221,5
7263,5
1785,5
7803,5
794,5
1312,5
6859,5
6132,5
5051,5
226985,5
226746,5
1389,5
5928,5
1449,5
3079,5
1657,5
1740,5
6264,5
6266,5
6952,5
2112,5
1416,5
6127,5
7182,5
2772,5
7043,5
1455,5
8287,5
1326,5
1618,5
2659,5
1941,5
6933,5
2998,5
6129,5
5353,5
2570,5
6090,5
6819,5
5926,5
6144,5
5847,5
531,5
226987,5
7421,5
5560,5
6147,5
6188,5
6255,5
6128,5
1469,5
6006,5
6028,6
5666,6
4783,6
6653,6
5682,6
7802,6
1607,6
6130,6
5955,6
1768,6
3748,6
6118,6
5857,6
227010,6
6034,6
1210,6
1190,6
8310,6
1462,6
2879,6
5579,6
2378,6
6168,6
5859,6
6423,6
1642,6
7235,6
3078,6
224363,6
2652,6
132,6
7908,6
1110,6
4501,6
2069,6
3121,6
3218,6
1644,6
6945,6
2092,6
8342,6
3270,6
6635,6
5797,6
1817,6
7689,6
6073,6
6944,6
1208,6
1055,6
7170,6
8218,6
2114,6
2925,6
228392,6
5953,6
1717,6
6252,6
5971,6
2838,6
1554,6
2040,6
2041,6
1209,6
3217,6
1493,6
4369,6
1505,6
1643,6
1206,6
7234,6
6987,6
228162,6
2981,6
1478,6
5920,6
1638,6
2711,6
6810,6
6943,6
1661,6
2486,6
6289,6
7647,7
2946,7
4532,7
5924,7
6148,7
5809,7
1037,7
1938,7
2538,7
6256,7
7901,7
6109,7
5902,7
782,7
6217,7
5900,7
7847,7
1937,7
2869,7
7486,7
8357,7
4902,7
5434,7
6182,7
7462,7
4970,7
227002,7
1620,7
6149,7
227023,7
227054,7
6243,7
5942,7
1584,7
6316,7
1935,7
1936,7
2546,7
228146,7
7532,7
1470,7
227855,7
2919,7
1205,7
5800,7
7459,7
1932,7
1886,7
6075,7
227050,7
5988,7
3064,7
6041,7
1933,7
3005,7
1201,7
226998,7
4420,7
7920,7
227007,7
7460,7
7461,7
6023,7
5856,7
1940,7
5720,7
4321,7
1134,7
227018,7
227022,7
225415,7
6200,7
5663,7
7892,7
6150,7
6119,7
7133,7
1200,7
226990,7
5701,7
1207,7
1934,7
2574,7
7341,7
6219,7
2776,7
228164,7
1883,7
226979,7
227057,7
1417,7
8149,7
2118,7
226750,7
227061,7
1939,7
6072,7
225413,7
1820,7
227038,8
227019,8
6038,8
5899,8
3131,8
6768,8
1111,8
1635,8
1745,8
227035,8
228174,8
5321,8
6758,8
2198,8
1728,8
2714,8
2715,8
3271,8
2774,8
226994,8
227020,8
226996,8
227016,8
227063,8
228145,8
4514,8
5431,8
227459,8
2296,8
5796,8
226995,8
7524,8
4588,8
227060,8
6630,8
6875,8
227017,8
227519,8
227006,8
227051,8
227059,8
226984,8
5842,8
4651,8
3115,8
227021,8
2832,8
226999,8
227053,8
227024,8
4617,8
6860,8
4855,8
227003,8
4647,8
5698,8
3101,8
5795,8
6278,8
1942,8
1683,8
5870,8
227000,8
226982,8
1647,8
1856,8
6750,8
1410,8
5783,8
6259,8
1406,8
6079,8
227052,8
227062,8
227055,8
226980,8
6920,8
6145,8
227015,8
4761,8
2030,8
1218,8
227001,8
227005,8
227013,8
227004,8
5660,8
3188,8
2274,8
4350,8
5628,8
3029,8
5470,8
5758,8
6774,8
1325,8
227458,8
225410,8
5959,8
2628,8
4661,9
3047,9
6659,9
6402,9
7221,9
2860,9
1385,9
6982,9
4919,9
5843,9
7019,9
6342,9
7085,9
4391,9
1826,9
7631,9
2395,9
2910,9
6153,9
7223,9
2430,9
5543,9
227646,9
1613,9
6344,9
4816,9
5620,9
7649,9
7396,9
7318,9
7423,9
1948,9
1077,9
3135,9
2803,9
1368,9
2858,9
226737,9
4860,9
2824,9
7093,9
7225,9
6528,9
7327,9
4448,9
4249,9
6871,9
7760,9
7081,9
6767,9
226747,9
3233,9
2955,9
6126,9
7214,9
7210,9
3222,9
6807,9
7397,9
4449,9
8060,9
7639,9
7691,9
1845,9
6921,9
941,9
2340,9
3037,9
7300,9
7286,9
5860,9
6873,9
5732,9
5933,9
2133,9
7722,9
1904,9
7780,9
2590,9
1730,9
227645,9
2687,9
4706,9
6682,9
6578,9
4946,9
1316,9
6831,9
4842,9
2316,9
2909,9
6056,9
7209,9
6469,10
6656,10
7845,10
6036,10
3094,10
4496,10
4670,10
1457,10
7245,10
6025,10
5541,10
6513,10
2394,10
2452,10
2569,10
6815,10
5340,10
7992,10
1966,10
1050,10
2500,10
6631,10
1851,10
7232,10
3259,10
5441,10
8078,10
4994,10
6641,10
8266,10
4709,10
1321,10
2861,10
7002,10
6098,10
225741,10
7380,10
5957,10
2987,10
2933,10
1232,10
1465,10
7888,10
6670,10
6672,10
7648,10
4578,10
2226,10
4315,10
6407,10
2136,10
8345,10
1847,10
7089,10
3132,10
5016,10
6026,10
6671,10
2137,10
438,10
3120,10
6512,10
1896,10
5557,10
6181,10
7858,10
1405,10
4948,10
2057,10
7227,10
8276,10
5999,10
8199,10
1459,10
5938,10
4597,10
544,10
1736,10
1660,10
2379,10
6846,10
2420,10
1231,10
4502,10
220245,10
7091,10
1193,10
6191,10
6187,10
2643,10
5645,10
2479,10
5640,10
7474,10
4354,11
4466,11
533,11
6509,11
2944,11
7500,11
1322,11
2377,11
7029,11
5998,11
4918,11
5745,11
1969,11
1559,11
3009,11
7372,11
6542,11
5487,11
7551,11
1914,11
4373,11
7825,11
5453,11
7062,11
4607,11
2042,11
7594,11
6363,11
225746,11
7482,11
6607,11
6406,11
2408,11
1203,11
2535,11
2666,11
2229,11
4727,11
4322,11
4914,11
6533,11
7792,11
2499,11
2484,11
4821,11
8186,11
2248,11
1677,11
6060,11
1980,11
2141,11
6830,11
7544,11
6433,11
7424,11
2631,11
4824,11
5119,11
3208,11
7751,11
7253,11
1560,11
2065,11
3069,11
6546,11
5563,11
4486,11
2973,11
5981,11
6593,11
5850,11
1729,11
1561,11
1452,11
5513,11
2320,11
6669,11
5755,11
5654,11
8190,11
6784,11
1038,11
3127,11
5356,11
2542,11
4262,11
2368,11
6764,11
5273,11
7464,11
2632,11
1608,11
2825,11
4713,11
7319,11
6364,11
2762,11
4726,11
1899,11
8026,11
5789,11
1323,11
2633,11
4750,11
2341,11
2321,11
5822,11
2626,11
7094,11
2932,11
7254,11
2349,12
7118,12
5748,12
2505,12
6299,12
3248,12
7193,12
7332,12
6420,12
5204,12
1609,12
1485,12
7383,12
5610,12
225423,12
1819,12
1588,12
3643,12
2852,12
3015,12
1049,12
6783,12
5639,12
2300,12
8129,12
1824,12
6503,12
1791,12
5672,12
1558,12
3004,12
1454,12
6484,12
6838,12
7194,12
6507,12
3019,12
5960,12
6124,12
4911,12
5786,12
1106,12
7123,12
2356,12
8027,12
2786,12
4722,12
6957,12
2366,12
1890,12
774,12
5641,12
4632,12
6637,12
6286,12
6027,12
5656,12
2627,12
6893,12
7052,12
4669,12
2444,12
7119,12
7612,12
8019,12
5827,12
6752,12
4638,12
2543,12
5804,12
3017,12
5464,12
1123,12
7359,12
1359,12
3095,12
4565,12
225751,12
4312,12
2943,12
6908,12
4817,12
2018,12
7632,12
6338,12
1598,12
2438,12
3033,12
4544,12
6410,12
6230,12
6228,12
5075,12
5130,12
6439,12
6845,12
2679,12
6862,12
6639,12
2173,12
6415,12
7292,12
3016,12
5922,13
1343,13
2610,13
2086,13
4291,13
7546,13
2741,13
6125,13
5676,13
4773,13
1920,13
5186,13
8192,13
5986,13
225417,13
5730,13
6394,13
4601,13
5248,13
2936,13
6428,13
5600,13
227453,13
2937,13
5110,13
3041,13
4551,13
5762,13
3018,13
3003,13
4519,13
2795,13
225421,13
2761,13
7204,13
7709,13
5347,13
6498,13
7808,13
1317,13
4874,13
3020,13
6828,13
6438,13
226991,13
226993,13
225418,13
225416,13
7179,13
6927,13
5581,13
4744,13
2924,13
5803,13
1381,13
3013,13
7422,13
1855,13
2289,13
6926,13
2740,13
226754,13
6525,13
3011,13
2370,13
5265,13
4282,13
4689,13
1489,13
2019,13
7871,13
1569,14
1912,14
2472,14
6235,14
2098,14
1227,14
2094,14
8107,14
6678,14
5655,14
6102,14
7045,14
7174,14
2865,14
1724,14
7092,14
225420,14
6101,14
5632,14
7953,14
6609,14
2337,14
5395,14
2070,14
6762,14
7425,14
8497,14
4446,14
1589,14
7096,14
4712,14
8230,14
7018,14
8204,14
6262,14
5837,14
5966,14
8193,14
6399,14
2800,14
7985,14
1909,14
8304,14
7841,14
2004,14
5980,14
2953,14
6741,14
5799,14
1615,14
2310,14
964,14
7573,14
2940,14
1562,14
3239,14
6852,14
6057,14
6773,14
1463,14
4210,14
8212,14
2397,14
6099,14
4720,14
7409,14
226769,14
7338,14
8120,14
7362,14
1908,14
3246,14
2450,14
2573,14
7328,14
6334,14
2842,14
5593,14
5049,14
6021,14
7400,14
5162,15
5801,15
7973,15
228189,15
8262,15
6586,15
4476,15
1324,15
2649,15
7277,15
7406,15
3134,15
4954,15
2330,15
226753,15
4388,15
1975,15
6100,15
3110,15
6636,15
1070,15
5592,15
7646,15
4566,15
6239,15
227644,15
5923,15
4208,15
4527,15
1962,15
5301,15
7861,15
226749,15
1641,15
5590,15
2422,15
3189,15
7200,15
2664,15
7589,15
7853,15
2005,15
227643,15
1614,15
2868,15
2854,15
2698,15
3283,15
220283,15
7015,15
7220,15
6424,15
2294,15
5220,15
5887,15
5528,15
2256,15
3158,15
3264,15
4813,15
469,15
2986,15
6754,15
4674,15
2390,15
8247,16
8067,16
6251,16
6985,16
6063,16
5973,16
226752,16
6751,16
5527,16
4240,16
4508,16
3256,16
1373,16
4926,16
1386,16
2025,16
1358,16
4648,16
3490,16
6279,16
2527,16
1116,16
8270,16
6326,16
8314,16
6301,16
8125,16
2293,16
2268,16
7592,16
7943,16
6151,16
1829,16
5679,16
5791,16
8299,16
2744,16
1548,16
226759,16
5189,16
1612,16
6042,16
8080,16
1597,16
5916,16
4910,16
4545,16
5483,16
8235,16
226541,16
5669,16
5979,16
5168,16
2702,16
6391,16
1509,16
5845,16
2747,16
2637,16
3172,16
2556,16
5700,16
1731,16
8206,16
2834,16
8233,16
5157,16
2585,16
5680,16
225419,16
3090,16
2947,16
8034,16
1595,16
5214,16
7531,16
3262,16
6610,17
8074,17
5289,17
5004,17
2027,17
3788,17
6196,17
7652,17
5088,17
2195,17
8257,17
3077,17
4887,17
5261,17
6296,17
1372,17
5380,17
6861,17
1998,17
7832,17
226772,17
2792,17
6033,17
6785,17
1601,17
6924,17
1832,17
1023,17
4852,17
8157,17
7862,17
8285,17
1827,17
6066,17
2990,17
6379,17
5387,17
4840,17
3216,17
7141,17
7976,17
4475,17
712,17
5604,17
7004,17
7568,17
6740,17
4872,17
226780,17
5218,17
4649,17
3051,17
4579,17
2668,17
4618,17
2717,17
2336,17
226776,17
1711,17
6737,17
3002,17
226762,17
4524,17
1693,17
6720,17
8104,17
7356,17
226764,18
226778,18
4278,18
613,18
1590,18
2432,18
5200,18
5667,18
6263,18
7785,18
2464,18
4451,18
7354,18
3063,18
226766,18
6461,18
5584,18
226757,18
226758,18
225411,18
7353,18
3202,18
228173,18
2862,18
1849,18
6367,18
6156,18
8344,18
7835,18
226774,18
5063,18
5962,18
4680,18
1544,18
6650,18
5974,18
4513,18
1365,18
7902,18
1388,18
225759,18
8083,18
4762,18
7968,18
227854,18
6323,18
8010,18
4417,18
6799,18
3147,18
3148,18
5486,18
226739,18
5435,18
226756,18
7355,18
7112,18
2150,18
175,18
7166,18
5728,18
4497,18
6981,18
2984,18
7375,18
1900,18
1353,18
6928,18
1999,18
226767,19
3139,19
5057,19
2275,19
8011,19
1928,19
7402,19
3008,19
226779,19
3145,19
6463,19
7550,19
2576,19
4467,19
2525,19
2815,19
3241,19
5805,19
8126,19
1922,19
1923,19
226777,19
7051,19
7840,19
2334,19
1924,19
1930,19
5975,19
226773,19
4347,19
2078,19
1342,19
4604,19
226751,19
226768,19
2433,19
6414,19
225954,19
4430,19
5603,19
2619,19
6366,19
5621,19
1931,19
6510,19
3238,19
226763,19
6369,19
225736,19
6007,19
1903,19
5439,19
5861,19
1929,19
226755,19
226775,19
5767,19
1925,19
1926,19
226760,19
5825,19
226748,19
226744,19
226765,19
226743,19
1781,19
3244,19
3242,19
4880,19
1927,19
226771,19
226761,19
4666,19
6368,19
4371,20
5954,20
6520,20
6221,20
6222,20
5715,20
4799,20
5713,20
226738,20
5631,20
5548,20
4806,20
7060,20
2109,20
4214,20
6573,20
5142,20
4898,20
5077,20
6398,20
7226,20
6535,20
2731,20
4873,20
226745,20
7493,20
4630,20
6521,20
5658,20
4525,20
5582,20
2387,20
4692,20
4251,20
7280,20
1488,20
2374,20
5325,20
1222,20
7443,20
2071,20
2866,20
6612,20
6053,20
1393,20
6667,20
227773,20
3089,21
2951,21
2667,21
5071,21
3091,21
2826,21
8240,21
6487,21
2971,21
7520,21
6422,21
7272,21
3183,21
5874,21
2077,21
2209,21
5045,21
7688,21
4461,21
5763,21
2783,21
5022,21
7287,21
8128,21
7213,21
6522,21
8290,21
6273,21
8035,21
5388,21
2969,21
1967,21
4457,21
1029,21
8265,21
2283,21
709,21
3180,21
3181,21
7924,21
5206,21
409,22
6444,22
5760,22
5774,22
227640,22
1515,22
6848,22
2764,22
2658,22
6177,22
4888,22
7615,22
5234,22
1498,22
6049,22
2466,22
6680,22
5754,22
7951,22
224318,22
5401,22
4360,22
5871,22
2695,22
5931,22
1112,22
6686,22
228159,22
4683,22
944,22
2524,22
2833,22
1570,22
8070,22
4505,22
3182,22
8313,22
4636,23
5089,23
4715,23
6103,23
2474,23
225731,23
5167,23
1384,23
2309,23
7269,23
6948,23
5944,23
5951,23
5456,23
5714,23
8169,23
6868,23
5969,23
8141,23
224314,23
1884,23
2950,23
1630,23
7672,23
1395,23
3058,23
6782,23
7385,23
3250,23
7890,23
4605,23
2473,23
2577,23
5566,23
5733,23
8309,23
5036,23
5773,23
4849,23
7431,24
7833,24
4694,24
5262,24
225422,24
4445,24
7816,24
1605,24
2080,24
5798,24
2779,24
6449,24
420,24
2021,24
1060,24
3210,24
4705,24
4679,24
1003,24
4557,24
7542,24
2823,24
220125,24
2456,24
5507,24
4414,24
5020,24
2313,24
2469,24
2609,24
1212,24
6577,24
3212,24
2477,24
2049,24
7826,24
5739,24
7856,24
2362,24
225424,24
3179,24
7934,24
1978,25
8273,25
3213,25
2797,25
4950,25
8061,25
7732,25
4678,25
6603,25
6268,25
2482,25
225749,25
7771,25
4807,25
7731,25
8054,25
2568,25
2488,25
2463,25
8330,25
5644,25
4646,25
3243,25
228157,25
6046,25
5309,25
6260,25
5025,25
5343,25
1725,25
2784,25
7579,25
6937,26
7185,26
1217,26
1230,26
6960,26
1576,26
5772,26
7251,26
225748,26
4969,26
3807,26
4234,26
7009,26
1557,26
7790,26
1113,26
2807,26
5247,26
1213,26
987,26
2015,26
6864,26
6457,26
2600,26
1394,26
6378,26
7379,26
4374,26
228451,26
1840,26
7585,26
2808,26
981,26
4381,26
2508,26
1333,26
2962,26
5545,26
2768,26
5869,26
968,26
1577,26
5212,26
7031,26
6628,26
2813,27
2819,27
5166,27
1688,27
4268,27
2039,27
6037,27
7470,27
6250,27
2588,27
3211,27
4458,27
7276,27
3014,27
1377,27
1398,27
3263,27
1215,27
5249,27
5478,27
2188,27
1640,27
4518,27
7090,27
6604,27
6605,27
3178,27
6346,27
2915,27
2512,27
3000,27
2468,27
2284,27
1758,27
5032,27
6317,27
7565,27
6812,27
5285,27
5155,27
3177,27
6616,28
4266,28
2790,28
8071,28
3071,28
7779,28
5293,28
7301,28
6002,28
2634,28
2918,28
4724,28
5846,28
2875,28
2376,28
3673,28
5633,28
1550,28
228380,28
5205,28
1821,28
7095,28
3204,28
8197,28
2037,28
4244,28
6162,28
1672,28
3034,28
2642,28
6315,28
7061,28
7767,29
5128,29
4685,29
5450,29
1861,29
3391,29
4895,29
196,29
6163,29
6620,29
228156,29
228158,29
4736,29
7675,29
6970,29
8025,29
4320,29
6234,29
7838,29
5068,29
4239,29
6095,29
4858,29
2507,29
4526,29
5839,29
7981,29
1848,29
4925,29
2489,29
4286,29
2503,29
7815,29
7211,29
5257,30
228152,30
3143,30
224317,30
6000,30
5462,30
224315,30
8346,30
228151,30
3112,30
4843,30
1864,30
7887,30
6753,30
6324,30
1196,30
4643,30
6137,30
7663,30
1117,30
3378,30
6968,30
1844,30
7654,30
4686,30
1865,30
6284,30
6003,30
812,30
4740,30
1906,30
8059,30
5892,30
5596,31
6409,31
4319,31
1056,31
6485,31
2629,31
4231,31
5067,31
3274,31
5361,31
6416,31
6258,31
7909,31
6967,31
2423,31
6763,31
7303,31
1571,31
228154,31
5895,31
4953,31
7687,31
5997,31
4556,31
7449,31
5346,32
5629,32
5115,32
6417,32
4218,32
1467,32
2022,32
6005,32
5258,32
7499,32
1195,32
3109,32
2361,32
6322,32
1187,32
2290,32
5558,32
2848,32
1860,32
5374,32
4660,32
2736,32
4250,32
8253,32
2836,32
6922,32
6582,32
2849,32
2949,32
6201,32
5245,32
2850,32
1891,33
1188,33
7281,33
5502,33
4784,33
6,33
5026,33
5280,33
4400,33
1194,33
1990,33
2966,33
2547,33
4191,33
4296,33
8058,33
1198,33
2105,33
3184,33
2445,33
2898,33
5717,33
1197,33
5992,34
7389,34
2034,34
2288,34
6739,34
6690,34
2467,34
1996,34
3475,34
5729,34
1133,34
3122,34
1339,34
2560,34
4192,34
1575,34
6738,34
7757,34
2551,34
1229,34
2798,35
4957,35
7582,35
2874,35
5012,35
5396,35
3087,35
226144,35
6596,35
5824,35
4676,35
2308,35
7699,35
2326,35
7453,35
4915,35
6246,35
2519,36
2487,36
2697,36
7925,36
1098,36
5461,36
2663,36
4349,36
228378,36
2672,36
2606,36
5866,36
448,36
4693,36
7655,36
1862,36
2521,36
5943,36
5867,36
1666,36
7517,36
1652,36
1352,36
5215,36
5643,36
2480,36
5868,36
4977,37
4299,37
5043,37
1637,37
2565,37
1739,37
5565,37
1651,37
4243,37
8331,37
7086,37
7595,37
956,37
5503,37
2983,37
2754,37
2091,37
5159,37
2400,37
2963,37
2821,37
1108,37
3416,37
3240,37
2938,38
3594,38
5776,38
5083,38
2058,38
6681,38
5066,38
2589,38
5865,38
1721,38
2339,38
2670,38
5982,38
5854,38
5587,38
3197,38
2093,39
5613,39
3046,39
845,39
3161,39
7505,39
1863,39
2401,39
5647,39
6173,39
7477,39
2079,39
2520,39
4681,39
1964,39
1057,39
3030,39
5500,39
4576,39
2604,40
2660,40
5638,40
7818,40
6458,40
5904,40
7762,40
2544,40
7391,40
8072,40
7796,40
3344,40
6031,40
5787,40
2522,40
2822,40
2063,40
6930,40
8321,40
7730,40
5642,40
1674,41
4462,41
2107,41
5086,41
2964,41
2696,41
6978,41
8001,41
2948,41
7737,41
445,41
2020,41
2769,41
2671,41
7885,41
2992,41
1676,41
5210,41
2770,41
6167,41
2514,41
5003,41
6166,41
8200,41
2656,41
1963,41
1715,41
2685,41
6885,41
4483,42
4412,42
2314,42
5705,42
4928,42
3083,42
2567,42
2960,42
6411,42
4484,42
1610,42
4801,42
3084,42
5879,42
7414,43
4561,43
5292,43
228153,43
1216,43
5152,43
4303,43
4613,43
227647,43
977,43
8042,43
5823,43
1214,43
2369,43
6963,43
8069,43
3207,43
7361,43
228379,44
5612,44
4823,44
7469,44
6645,44
7458,44
3644,44
1675,44
2066,44
7363,44
4936,44
1378,44
6651,44
4311,44
2110,44
6302,44
1379,44
2518,44
2829,44
1945,44
2424,45
4951,45
2406,45
5096,45
6437,45
5055,45
7747,45
6272,45
7587,45
3044,45
6916,46
4292,46
2616,46
4615,46
224743,46
5617,46
6663,46
222,46
4620,46
2820,46
4652,46
4406,47
3695,47
4520,47
7907,47
8087,47
4407,47
3309,47
1944,47
2959,47
8298,47
6553,47
4195,47
6115,47
2103,48
225768,48
5195,48
34,48
2405,48
2534,48
6517,48
4695,48
227881,48
4769,48
2794,48
2409,48
2802,48
2945,48
7488,48
8259,49
2062,49
4972,49
2449,49
5937,49
4490,49
8305,49
4204,49
6351,49
4696,49
5749,49
2013,50
4968,50
8533,50
2090,50
5515,50
6974,50
2301,50
1987,50
7928,50
3042,50
4542,51
6536,51
4735,51
4246,51
3048,51
6267,51
2515,51
7352,51
1955,51
3285,51
5936,51
5114,51
5040,51
4227,52
3726,52
7668,52
7667,52
5935,52
1404,52
2036,52
1681,53
1581,53
8272,53
7626,53
6644,53
3343,53
5883,53
3186,53
4718,53
228018,53
1742,53
7339,53
2605,53
2280,53
3043,54
2553,54
1690,54
3191,54
6939,54
7258,54
3126,54
3067,54
1679,54
6280,55
1648,55
8115,55
7882,55
225743,55
8031,55
1233,55
3286,56
8339,56
8258,56
7822,56
2419,56
2583,56
2646,56
7823,56
1019,56
8289,56
6110,57
2952,57
4738,57
2099,57
4871,57
2855,57
4193,57
2145,57
2920,57
4654,57
4441,57
228017,57
3235,57
6395,57
4990,57
5039,57
1878,58
4958,58
6778,58
8509,58
5588,58
3331,58
2125,58
6891,58
4900,58
2393,58
1582,59
224450,59
5841,59
2863,59
715,59
7471,59
5828,59
225734,59
1714,59
6964,59
2470,59
1669,59
5153,59
5501,59
2443,59
6353,59
2428,59
6632,60
2746,60
3281,60
6078,60
4955,60
5062,60
4820,61
2504,61
7896,61
1949,61
6556,61
3136,61
7259,61
6471,61
3138,61
1671,61
2913,61
5792,61
3521,61
3137,61
1771,61
5756,62
2639,62
4893,62
1668,62
4737,62
2640,62
5832,62
5164,62
5554,62
4803,62
3724,62
8205,62
2638,62
8021,62
2033,62
7697,62
7611,62
4599,63
5015,63
3056,63
5391,63
4875,63
2119,63
7599,63
4870,63
1611,63
4237,64
2064,64
7748,64
7126,64
5808,64
3106,64
4305,64
2451,64
2956,64
4364,64
3124,64
5807,64
2700,64
2968,65
1976,65
3086,65
7082,65
7065,65
8279,65
8178,65
3498,65
1199,65
2203,65
4326,65
2185,66
4822,66
2516,66
4419,66
8103,66
1968,66
713,66
5505,66
6160,67
3052,67
4212,67
4363,67
7268,67
2976,67
4340,67
4937,67
2907,67
5577,67
7236,67
6842,68
7692,68
3114,68
8093,68
4219,68
2993,68
6843,68
6841,68
7044,68
1822,69
6164,69
1870,69
2566,69
1093,69
2674,69
7032,69
2877,69
2418,69
227450,69
2669,69
3082,69
1474,69
8148,69
650,70
8109,70
224166,70
2045,70
2777,70
5626,70
5099,70
847,70
2694,70
6657,71
7252,71
1670,71
8528,71
2476,71
6898,71
2510,71
2552,71
5753,72
2493,72
1981,72
3433,72
2831,72
2908,72
1619,72
2386,72
536,72
1603,73
7875,73
4590,73
226170,73
6655,73
6215,73
2265,73
2806,74
225726,74
1468,74
3392,74
6213,74
7508,74
5523,74
6408,74
5636,74
2641,74
37,75
3442,75
2739,75
1472,75
474,75
2046,75
227642,75
3125,75
2804,75
228203,75
4894,75
8028,75
7903,76
226125,76
4230,76
2359,76
2106,76
1816,76
3169,76
2462,76
8317,76
4889,76
3531,77
3215,77
5229,77
3142,77
5282,77
225196,77
5141,77
1594,77
8320,78
6538,78
1371,78
6622,78
4342,78
1691,78
2502,78
6396,78
4437,78
1104,78
5412,79
227639,79
1327,79
6854,79
5903,79
224453,79
7116,80
228294,80
1602,80
2665,80
4976,80
1667,81
1491,81
2305,81
2101,81
1960,81
5281,81
3553,82
2734,82
4639,82
227853,82
6359,82
5320,82
1496,82
1495,82
1910,83
6347,83
2344,83
3206,83
5884,83
7222,83
228204,83
5764,83
5113,83
2413,83
8133,84
225750,84
5145,84
3219,84
2429,84
5744,84
2143,84
6719,84
5703,84
1041,84
4459,85
5648,85
5098,85
3608,85
1136,85
2985,85
5060,85
6975,85
2285,85
1726,86
4478,86
4523,86
3128,86
711,86
2373,87
2796,87
654,87
8385,87
820,87
2074,87
6180,87
227650,88
5921,88
8137,88
5221,88
4986,88
4663,88
5609,88
8307,88
1692,88
5024,89
1120,89
6051,89
1654,89
4503,89
3426,89
1839,89
7998,89
534,89
4426,89
6792,90
7036,90
7869,90
228224,91
4304,91
8084,91
4435,91
7535,91
228211,92
4721,92
1051,92
701,92
228213,92
6065,92
7107,92
6627,92
842,92
5485,93
1655,93
7515,93
227932,93
6308,94
4285,95
2492,95
3766,95
3545,95
6312,95
5991,96
1735,96
7947,96
385,97
4805,97
7772,97
2922,97
225742,97
228290,97
3113,97
228447,98
2876,98
7241,98
4702,98
5106,98
2655,98
6336,98
4487,98
3160,98
228293,99
3068,99
1062,99
3687,99
3102,99
5413,99
4247,99
5384,99
4645,100
228212,100
3236,100
6332,100
4254,100
1374,100
5080,100
1874,100
2161,101
3354,101
2061,101
7601,101
227925,102
5316,102
4444,102
228445,102
6454,102
2382,102
3257,102
2789,102
1500,102
1604,103
6375,103
228449,103
2548,103
3517,103
227926,103
1892,103
5605,104
5939,104
1631,104
6756,104
228227,105
741,105
3050,105
1991,105
1407,105
2355,105
227929,105
2554,105
7921,106
5213,106
3118,106
1048,106
7243,106
3176,106
6938,107
5707,107
4310,107
2618,107
5681,107
61,107
5782,107
3522,108
4792,108
1380,108
4791,108
1363,108
228370,108
7242,108
4194,109
3269,109
228222,109
5706,109
4390,110
227933,110
2958,111
2883,111
5473,111
227448,111
4716,111
225956,111
227638,111
5702,112
228292,112
1653,112
6562,112
1537,112
228377,113
227922,114
3725,114
3349,114
227930,114
4797,114
2870,114
5665,114
7831,114
3600,114
2809,114
1682,115
227469,115
5664,115
7683,116
5259,116
2592,116
227923,116
3209,116
8415,116
3330,117
2056,117
2053,117
227808,118
2100,118
8496,118
228372,118
4606,118
3036,118
1464,118
983,118
228208,119
2196,119
6419,120
4248,120
227990,120
227649,121
8147,121
226152,121
2957,121
3299,121
4365,121
225961,121
5048,121
6337,121
7132,121
2131,121
2509,121
7602,122
2478,122
5742,122
226504,122
7219,122
2435,122
1710,122
2483,122
3302,122
224728,122
1872,123
5950,123
4929,123
2166,123
227991,124
1066,124
226131,124
227725,124
4587,124
2123,124
4271,124
5386,124
4281,125
5133,125
4538,125
4677,125
2095,126
225735,126
8530,126
3245,127
1587,128
4793,128
6453,128
224647,129
227905,129
228214,129
228219,130
7547,130
7084,130
1734,130
4952,130
6832,130
7033,130
225398,131
3670,131
5769,131
5952,131
7454,132
6121,132
8315,132
7743,133
4540,133
6384,133
228381,134
224455,134
2194,134
1122,134
3593,135
4905,135
3347,135
227776,136
4719,136
226096,137
8146,137
4562,137
223766,138
228225,138
4960,138
1663,138
6806,138
4619,139
831,139
832,139
4334,140
3755,140
227581,140
5000,141
2743,141
408,141
4215,142
653,143
2757,143
373,143
227441,143
4732,144
1687,144
1871,144
2201,145
227726,145
6537,146
2882,146
6451,146
228102,147
681,147
8445,147
7349,147
228226,147
1226,148
3633,149
3070,149
3277,149
2002,149
844,149
7108,150
8353,151
1718,151
5260,152
227918,152
8037,153
228216,153
3676,153
6515,153
224389,154
7138,154
4264,154
2593,154
4385,155
1507,155
6012,156
1119,156
4555,156
4209,157
4862,158
3786,158
5263,158
1313,158
4298,158
3192,158
4223,158
2026,158
225239,158
5757,159
4698,159
2028,159
223764,160
227840,160
191,160
2287,160
3001,161
225191,161
1383,161
4856,162
6835,162
1689,162
1102,162
2935,162
7940,163
2699,163
4543,163
5651,163
227813,164
5625,166
226092,167
227915,167
1665,168
227919,169
224645,169
407,169
2498,169
226892,169
6114,169
225728,170
155,171
4729,171
225959,172
227841,172
4723,173
6013,173
2517,173
4865,173
4436,173
6010,173
227839,174
224449,174
7574,175
7161,175
228382,175
1737,176
1514,176
227916,177
227847,177
2622,177
53,178
4213,178
1032,179
1115,179
225764,179
2530,180
223765,180
2529,180
2755,181
1118,181
483,182
996,182
2236,183
7003,184
1803,185
2311,185
227131,185
482,186
28,186
1580,187
227806,190
4236,190
7745,191
227452,192
696,194
4548,194
4947,194
1348,195
226094,195
1837,195
2730,195
700,195
2635,195
224646,196
7955,198
7954,198
227848,198
227651,198
5017,199
4241,200
1898,200
4386,200
2455,200
1508,201
228443,202
4790,202
4228,202
2733,203
272,203
4564,204
639,204
4867,205
5790,206
220194,208
1876,208
1028,208
3622,209
2778,209
2127,211
6872,211
228442,212
4389,213
224660,213
3672,214
6599,214
228420,215
1419,216
4795,216
3492,216
227451,216
2089,216
716,218
3390,218
5864,218
3168,219
4571,220
2460,221
4235,221
228444,222
1094,222
1857,223
227447,223
8536,226
2132,227
7854,227
3671,228
225740,229
1331,231
4844,232
1965,232
2745,232
5675,232
638,233
8362,233
1097,233
2644,234
1684,234
4377,234
3573,236
227845,237
8363,237
2072,237
1503,238
3350,239
227590,240
4623,241
4220,241
2164,243
227648,243
227449,244
227866,244
227872,244
2360,247
4684,247
5194,250
227460,251
1556,251
7936,252
227652,252
228210,254
3504,259
946,262
1743,262
228223,262
228312,263
227867,264
2307,264
143,264
4622,266
3383,267
406,268
8446,268
8159,270
5556,270
3388,270
1375,272
808,274
3297,274
1633,276
5226,276
5726,278
1311,278
1853,281
986,281
4850,281
3651,282
227597,284
224713,285
36,287
3265,287
1879,287
1027,288
4511,288
227864,289
225194,290
8139,290
224750,291
223,291
227653,292
8140,293
227873,293
4743,294
227763,296
227846,297
3828,297
1722,298
224061,299
225397,302
8538,302
8138,302
227870,303
4770,304
8444,305
3793,306
226272,307
2872,308
3796,309
224192,309
228373,309
993,310
225047,311
485,312
384,312
225747,313
227834,316
4355,317
1223,318
1101,318
4534,318
1015,319
227832,319
729,320
6621,323
3214,324
2716,324
4788,325
3524,328
484,328
227860,329
3548,332
3639,336
7988,337
225990,337
3310,338
1366,338
224091,339
224710,341
227134,346
3539,349
1723,350
4812,350
481,351
3678,351
1858,351
227861,352
6143,354
1466,355
3376,355
35,356
1662,356
4739,357
4415,358
225046,358
1586,360
4810,362
4252,368
224704,368
227858,369
2579,372
2006,372
480,374
224375,375
1761,376
224691,376
8194,377
228175,377
224712,380
3249,381
224178,382
224711,383
3424,384
228311,385
3485,388
227672,388
228188,390
810,392
227830,392
225190,392
3296,392
2029,392
2003,398
5035,399
1568,402
4353,404
3486,407
557,410
224781,411
972,411
703,412
225989,413
2454,413
65,413
224429,414
224435,414
224901,414
502,414
1367,416
225723,417
5630,418
4708,419
3364,420
224431,420
453,420
583,422
227675,422
2052,424
228008,424
3356,424
227835,425
224112,425
225142,428
1506,428
224433,431
224749,431
224747,432
3414,432
3658,432
225810,432
227837,435
228007,436
225730,440
224812,440
224437,440
224858,440
3479,441
224746,442
846,444
3463,445
224181,447
1591,448
1382,453
728,454
3584,454
3827,456
3647,456
4650,459
7967,459
225952,459
4217,460
1487,460
290,462
227683,463
3567,464
1513,466
226184,466
8414,473
1982,473
227242,480
226140,482
227364,486
3646,488
227836,488
3801,488
4480,489
3618,490
3802,491
4701,491
1746,493
4279,493
227807,494
3298,494
226183,496
2,499
3496,499
3098,499
224392,501
8405,503
224444,504
227775,508
4,514
725,515
4272,515
5,516
3,516
225771,519
7027,523
1499,525
228200,529
227354,529
2129,531
1551,532
227636,532
3510,532
3744,533
227772,534
227831,535
4238,535
4549,536
225738,536
227243,541
225760,542
224857,542
224420,543
227568,543
226120,543
727,544
3727,546
224457,546
4560,547
724,548
726,548
1632,549
1621,549
1121,550
227596,553
1720,559
6541,563
3458,563
343,567
225002,569
2591,580
227419,583
4625,584
3532,591
224440,595
225395,598
226815,599
4595,601
223771,602
372,604
3657,607
1510,615
3668,616
447,621
223775,625
224659,626
3397,628
227943,630
220128,632
7983,636
225022,642
228190,648
6330,648
7114,651
228186,653
228196,653
228187,657
3489,658
7058,658
224702,661
228191,665
1418,667
3358,667
3454,670
224446,671
224643,671
225692,672
228374,673
228376,676
3661,680
228193,680
223840,684
2059,686
8427,687
228198,688
228192,691
225745,692
220580,694
133,695
1685,698
4956,699
227470,700
228199,704
224666,706
224672,707
1022,709
224675,709
224673,711
224452,712
224674,714
224677,714
228369,715
224670,715
523,715
1054,716
225951,716
224667,717
4539,717
224669,718
224668,720
224671,720
4585,721
405,721
227815,725
224676,730
8462,733
1659,735
224167,740
225003,741
225017,742
227444,743
225027,744
225725,745
835,752
227477,759
4383,760
4410,763
225636,764
3449,769
699,774
3756,775
695,775
225953,777
3562,777
3223,778
228375,778
8465,779
228195,780
854,784
220650,785
225032,788
225963,789
1001,789
225965,791
1539,803
6851,803
383,812
63,820
3472,820
224814,821
228296,825
227128,833
224997,836
702,836
3757,841
227615,843
8453,844
511,845
563,845
4362,846
224900,849
227984,852
224419,858
227586,863
3514,863
8442,864
227758,872
1000,877
3367,878
3326,880
6333,880
228368,880
3829,881
3832,881
3831,886
3830,886
227603,891
1658,901
228335,914
227686,915
227567,915
224859,920
804,923
225807,925
1566,930
8500,930
225806,939
501,942
228301,943
224367,953
227986,957
6381,957
274,958
224359,967
3601,968
224175,970
224709,971
224706,976
224707,981
3774,989
3775,989
3773,989
3777,990
227731,991
3693,994
458,995
228176,996
227129,999
227983,1004
227812,1006
224705,1006
970,1006
4225,1008
225389,1025
4189,1028
225739,1043
227626,1044
3482,1050
4267,1051
227989,1052
3637,1054
227089,1055
227761,1060
224716,1068
849,1084
8512,1085
4707,1088
228194,1097
228302,1102
5727,1109
227625,1109
228419,1111
1738,1115
227982,1116
1616,1127
228233,1137
227446,1141
8413,1143
3396,1144
226122,1145
1336,1146
227967,1148
227760,1150
227677,1157
213,1164
227115,1164
227362,1166
4641,1168
5394,1177
8486,1178
228179,1184
225108,1197
3528,1210
4504,1211
228180,1236
1599,1245
224801,1249
227624,1261
8487,1265
4273,1266
224856,1267
8399,1274
227623,1278
4256,1280
271,1284
227619,1288
225724,1301
1702,1302
556,1305
351,1312
4568,1314
227614,1315
809,1321
225371,1330
266,1331
1492,1332
174,1336
224800,1337
227618,1339
3369,1341
224680,1355
367,1360
228184,1366
227602,1367
1526,1388
227764,1394
227440,1403
224176,1407
607,1411
606,1412
3352,1412
225671,1414
6282,1418
3452,1419
371,1423
26,1428
8498,1434
667,1438
225772,1440
1578,1445
220507,1448
8372,1457
538,1458
5492,1462
3595,1464
490,1467
108,1473
225770,1475
3592,1482
608,1489
8421,1500
228185,1506
228097,1507
224121,1509
227679,1509
220624,1510
8506,1514
227622,1519
8507,1520
225001,1523
4370,1529
8504,1530
226499,1531
3288,1533
3818,1539
792,1550
227127,1551
486,1555
3362,1559
225744,1561
3351,1564
220603,1567
224070,1571
224411,1584
3819,1584
227580,1590
4603,1591
8481,1591
826,1594
4372,1602
41,1604
223953,1635
227966,1641
227789,1645
429,1645
3728,1651
225695,1656
223836,1660
1813,1660
228310,1665
575,1670
227963,1671
225045,1674
3380,1677
3365,1694
3640,1694
224855,1700
566,1700
3474,1704
227754,1715
3667,1717
7078,1723
3423,1727
3811,1734
2146,1739
349,1753
91,1755
224019,1758
227487,1760
81,1761
223952,1770
3816,1774
223954,1780
3381,1782
223966,1788
225236,1789
225021,1790
1600,1793
1541,1796
539,1800
1524,1801
227802,1814
8432,1818
3817,1821
3554,1834
224447,1843
1673,1844
224899,1847
227582,1851
391,1853
227579,1868
3363,1868
542,1868
227605,1879
225984,1884
3822,1890
8503,1921
225732,1926
228182,1926
805,1935
225987,1939
224792,1940
225980,1944
227577,1944
225031,1951
361,1955
1880,1956
225007,1958
7073,1962
8489,1964
3683,1964
227348,1966
227716,1967
224442,1968
227549,1970
78,1971
225016,1974
228178,1979
3746,1981
838,1989
225182,1991
225026,1997
224791,2001
8452,2002
227981,2005
510,2009
225388,2009
694,2014
3320,2015
225981,2015
225985,2024
3321,2032
537,2032
225979,2032
3322,2032
8409,2033
1482,2037
225342,2037
503,2038
227601,2039
3323,2039
227788,2043
698,2044
3316,2047
225341,2050
3317,2052
227355,2060
3382,2062
1567,2063
225986,2064
600,2065
227717,2065
226110,2077
8376,2083
227476,2086
228232,2090
225982,2091
379,2097
3750,2102
228230,2104
227962,2109
8461,2121
228231,2122
228229,2128
228234,2129
111,2129
3737,2138
8440,2150
220120,2152
227462,2159
793,2164
856,2168
3399,2176
3606,2189
342,2201
289,2205
8464,2206
223925,2212
8412,2215
109,2216
3612,2223
227964,2235
224996,2237
227578,2239
632,2248
227595,2252
110,2255
227730,2261
1520,2269
226117,2273
227670,2298
112,2300
8455,2306
520,2307
224025,2312
382,2335
225339,2335
630,2337
1438,2337
443,2344
224804,2344
226116,2345
227604,2355
227133,2360
1546,2380
227621,2383
789,2394
224957,2398
227771,2400
224922,2414
227599,2434
227356,2439
228413,2440
224456,2441
562,2445
940,2454
8459,2459
227583,2460
224803,2499
397,2500
227617,2505
225767,2547
442,2563
228177,2568
3439,2575
227600,2587
224898,2592
226121,2612
224992,2616
649,2618
66,2620
3377,2624
223963,2625
1565,2636
853,2651
560,2652
3745,2655
224845,2666
224068,2702
224418,2705
402,2706
3418,2709
227965,2732
801,2738
227613,2742
181,2754
370,2762
227620,2763
227594,2765
7076,2766
3666,2767
225387,2774
125,2778
3444,2781
226134,2801
404,2820
226473,2828
8426,2828
546,2837
67,2844
8483,2850
3516,2851
224971,2856
227516,2859
224113,2866
224985,2872
1527,2876
68,2880
1329,2892
5913,2895
227589,2907
227463,2911
224063,2911
228318,2929
708,2950
1330,2956
1540,2980
178,2981
8387,2982
223942,2997
224854,3000
227598,3020
227616,3035
586,3045
226135,3045
225693,3062
225240,3096
768,3097
3641,3122
227365,3128
227727,3133
227732,3134
223944,3148
64,3165
227762,3174
227609,3184
223939,3191
1010,3199
8386,3258
228309,3265
3398,3291
225651,3341
1328,3342
227723,3388
224428,3389
227612,3402
5914,3409
5919,3414
260,3438
227805,3442
227359,3476
227787,3513
224410,3517
3628,3531
311,3536
309,3545
228402,3553
718,3565
1340,3591
553,3608
227728,3623
227607,3630
224833,3648
3550,3728
224991,3735
3314,3746
225209,3753
3315,3762
224779,3771
268,3772
223945,3806
226119,3813
223797,3816
224006,3824
224434,3824
730,3838
435,3840
8513,3850
225228,3857
224956,3865
224921,3865
225729,3878
225044,3896
223946,3910
225331,3916
227353,3933
850,4016
227608,4016
224430,4027
1411,4045
1596,4060
224970,4064
223941,4079
224984,4104
227585,4114
224432,4115
416,4146
437,4162
225233,4251
8408,4253
572,4272
225217,4285
224064,4293
223767,4294
226062,4312
226063,4314
223679,4318
224090,4320
381,4338
495,4354
223768,4366
8494,4370
223763,4378
225000,4385
223949,4396
224897,4405
227606,4407
224717,4415
224436,4418
3525,4435
3366,4455
3372,4474
224810,4486
188,4490
227755,4507
25,4517
735,4525
3679,4539
686,4544
224929,4552
227629,4569
8398,4675
225737,4728
308,4746
225722,4758
3596,4761
555,4762
310,4767
265,4794
459,4877
1486,4915
224915,4922
8420,4941
227539,4993
565,4996
224844,4997
227461,5006
529,5023
3736,5023
225358,5030
227537,5040
227538,5058
3333,5059
852,5087
225192,5089
3785,5097
223940,5111
851,5115
341,5128
8411,5172
103,5190
8534,5196
355,5199
224069,5228
5906,5239
3735,5269
225988,5273
60,5275
366,5290
224894,5299
8519,5305
3784,5314
8520,5317
225020,5322
3624,5347
223847,5357
3537,5369
3341,5404
224445,5417
224062,5428
223938,5444
227439,5471
8425,5501
224964,5502
224955,5579
224920,5594
3432,5621
225180,5649
226889,5693
227810,5708
227809,5723
390,5732
227786,5740
288,5743
227120,5769
224908,5776
226185,5783
224978,5795
574,5803
3625,5866
224439,5941
224990,5998
532,6014
226846,6018
228345,6044
228344,6059
225030,6072
228346,6090
1639,6092
228343,6111
228334,6112
225230,6143
8366,6203
226112,6207
223973,6223
224838,6244
225015,6248
225025,6260
224969,6263
369,6303
1,6330
225006,6374
3544,6408
8526,6414
224443,6435
8439,6448
228300,6455
569,6474
3456,6476
225628,6485
227475,6491
224837,6493
223971,6498
227980,6502
223972,6515
227454,6539
1481,6550
224896,6576
3455,6612
224983,6614
224950,6618
228010,6662
441,6666
8431,6712
227418,6721
224114,6730
225684,6746
177,6828
227455,6830
228009,6835
8458,6898
224661,6899
348,6936
226713,6963
227628,6991
8460,6991
224995,7049
227801,7071
1090,7077
227627,7104
1078,7131
7151,7159
228016,7191
3530,7203
3557,7242
224715,7268
223800,7301
228015,7345
227187,7352
559,7372
3402,7408
3617,7432
1650,7440
225347,7460
224928,7491
225637,7531
227125,7581
8463,7590
227751,7595
209,7607
189,7639
224797,7709
225280,7751
224943,7754
226108,7765
24,7851
710,7851
224368,7853
227673,7881
224366,7891
227119,7904
225949,7936
360,7953
223960,7963
223801,7964
224754,7981
225082,8037
3738,8049
4202,8064
4196,8097
4199,8097
4201,8106
217,8106
4203,8107
449,8117
199,8129
225085,8130
3779,8157
3770,8157
3791,8157
3742,8159
561,8166
836,8174
227360,8191
4186,8243
4184,8243
4169,8243
4185,8243
4180,8243
4181,8243
4183,8243
4175,8243
3734,8247
802,8283
225379,8303
224654,8310
225176,8320
3471,8337
3780,8360
224652,8360
3754,8360
3771,8360
3768,8360
396,8372
8525,8378
3839,8403
224893,8433
3740,8435
3809,8435
223958,8441
3836,8445
3838,8446
224322,8448
224311,8448
227674,8455
3469,8470
8375,8475
3611,8478
224310,8486
224752,8486
224309,8491
668,8498
224914,8500
224936,8510
3488,8521
3665,8544
1422,8592
225638,8610
3394,8620
224092,8662
225227,8675
220581,8685
224954,8696
3438,8698
224977,8702
106,8728
227352,8734
220274,8764
226129,8765
227363,8778
226133,8785
224989,8788
8404,8830
225225,8894
4200,8911
224919,8932
857,8935
3483,8965
734,8985
228336,8999
104,9059
3564,9091
185,9112
8434,9118
669,9140
3834,9154
3808,9232
460,9255
401,9298
628,9318
224982,9332
224414,9364
226130,9373
224662,9389
4197,9396
160,9458
457,9461
74,9467
262,9475
3837,9484
3835,9485
228415,9497
224963,9511
220088,9546
224907,9558
224968,9593
254,9604
227591,9615
227757,9629
3799,9639
223802,9643
3759,9677
3685,9694
1435,9695
227634,9697
228416,9711
227785,9730
672,9741
224413,9764
225672,9766
227682,9802
107,9810
224755,9847
225674,9867
225958,9886
378,9970
552,10029
673,10030
105,10032
1434,10040
224753,10051
693,10070
227632,10144
1426,10169
224835,10250
186,10338
4753,10407
227241,10419
3789,10460
859,10484
224949,10493
226480,10536
226114,10570
858,10588
3393,10592
193,10597
220066,10608
1701,10626
227631,10629
75,10632
1700,10685
220063,10704
1429,10728
228400,10774
697,10838
670,10841
822,10844
671,10911
354,10954
162,10954
179,11026
224834,11079
227117,11084
860,11130
8410,11154
228401,11181
227669,11206
224927,11223
224999,11231
227630,11264
3412,11361
225043,11365
225357,11420
227351,11432
380,11460
365,11506
224866,11549
571,11653
1433,11693
223760,11732
8397,11785
224895,11800
225105,11813
225355,11828
419,11831
223827,11882
223759,11892
3578,11981
46,11992
226730,12015
226707,12015
226536,12020
259,12059
224976,12216
8505,12217
224796,12253
2139,12303
3540,12319
224379,12328
3569,12348
224390,12349
340,12394
415,12412
3761,12509
225112,12539
224913,12599
3546,12665
8424,12700
227547,12724
223825,12867
180,12874
223829,12876
8495,12886
224892,12957
223828,13044
224942,13052
3654,13055
1480,13062
176,13127
8419,13141
224935,13175
7075,13193
3566,13279
124,13337
228297,13341
3319,13380
224423,13397
3318,13412
609,13427
368,13441
577,13476
224953,13516
224331,13598
647,13641
224962,13687
3663,13703
795,13704
224918,13752
3445,13866
513,13941
44,13967
1517,13967
224665,13996
227680,14116
204,14186
225019,14246
227088,14251
225813,14254
3407,14301
687,14331
227468,14339
1624,14405
225048,14426
224988,14474
347,14800
225175,14848
512,14915
224967,14925
224906,14953
227678,15031
3328,15058
8407,15105
8482,15177
389,15200
228303,15211
225086,15224
3448,15233
224777,15280
224101,15381
1706,15495
1063,15508
3732,15516
226479,15563
227671,15572
227784,15596
287,15606
224426,15621
466,15634
1528,15694
3747,15737
3803,15767
224066,15772
3792,15816
224981,15891
224424,15947
8370,16004
224013,16059
225090,16061
227130,16218
224425,16285
225129,16322
3536,16432
224421,16461
224422,16463
4171,16486
224948,16551
226534,16627
8391,16670
1424,16704
225091,16709
1402,16742
227546,16753
1390,16772
223823,16776
1401,16792
228405,16795
228407,16805
228404,16812
223824,16815
228406,16875
8473,16968
855,16975
568,17002
1431,17041
8377,17162
359,17179
48,17195
227471,17199
57,17285
1439,17333
1428,17357
1436,17361
8511,17364
228137,17393
223821,17404
1423,17409
225133,17453
220734,17524
3345,17541
227676,17543
223819,17692
223818,17704
223814,17705
223820,17707
1420,17721
3538,17735
224404,17786
1432,17811
1421,17811
1437,17828
224427,17865
494,17870
223817,17871
98,17873
224406,17883
223811,17907
1479,17940
223806,17962
1430,17964
223810,17974
223805,17978
225014,18035
225024,18056
226540,18080
225029,18154
717,18208
225117,18237
141,18283
224808,18354
227985,18367
224740,18412
227543,18609
225005,18611
115,18621
603,18631
806,18683
228393,18698
8555,18753
224391,18760
3765,18856
8470,18871
6702,18880
564,18906
3409,18968
641,18972
227474,19083
6701,19165
224663,19216
573,19223
224926,19225
3303,19247
224332,19287
224789,19318
227287,19339
473,19571
472,19644
224441,19671
228399,19683
224563,19805
224788,19888
500,20016
224891,20078
225052,20134
224975,20168
8379,20192
8423,20199
153,20294
224994,20309
224941,20341
227445,20378
225640,20424
225639,20425
225641,20425
225642,20425
225643,20425
8433,20438
1483,20479
224934,20534
224912,20622
8369,20735
705,20754
3688,20801
377,21030
76,21061
224145,21078
134,21169
3480,21190
775,21252
227113,21315
225070,21333
158,21336
224952,21435
224961,21528
3684,21569
3336,21599
227752,21657
228012,21661
8488,21694
3810,21719
3346,21721
800,21732
796,21733
797,21734
799,21735
798,21736
224172,21800
224917,21929
228098,21942
224438,21991
227753,22144
228011,22229
227111,22295
8484,22387
8447,22429
8384,22514
226512,22604
803,22628
3576,22671
1391,22935
227456,22945
783,22972
224330,23002
224987,23012
224329,23043
228308,23110
220632,23125
224328,23169
224905,23249
817,23256
227783,23321
227429,23324
487,23350
8451,23400
1707,23504
223932,23522
509,23578
224327,23657
223773,23690
56,23829
164,23912
8457,23939
1705,24089
1521,24337
224106,24530
228236,24585
339,24597
558,24675
224839,24754
226109,24786
226545,24810
228101,24924
224751,24924
3520,25087
395,25129
785,25166
226228,25326
223962,25498
350,25877
224966,25890
256,26032
223930,26181
3616,26256
227350,26311
8527,26329
248,26398
1696,26431
223961,26468
504,26530
225634,26561
1695,26577
150,26581
3497,26589
224980,26650
8491,26670
70,26809
71,26809
8406,26970
225076,27071
8378,27117
3329,27226
224297,27241
8508,27261
8516,27286
224947,27420
666,27427
227290,27447
3660,27470
719,27476
3638,27508
3325,27586
226180,27621
3324,27647
223956,27743
3477,27753
403,27798
3484,27824
3384,27826
224110,27923
364,28138
223955,28416
1697,28593
121,28711
3579,29126
227570,29151
3417,29263
225135,29348
224925,29513
227124,29546
225124,29601
228014,29645
224,30017
8471,30136
223931,30199
224173,30244
228013,30303
195,30317
8449,30323
1397,30361
225078,30434
597,30584
224044,30643
129,30725
62,30796
224998,30867
225122,30876
772,30877
497,30939
59,30979
225074,30995
55,31054
224109,31134
223970,31245
224911,31302
194,31366
224951,31423
224940,31637
3689,31662
8365,31700
651,31739
652,31799
8374,31949
595,31958
226118,32078
8396,32162
225110,32212
224974,32218
223968,32264
223967,32357
223998,32378
226179,32476
224916,32675
253,32940
224890,33004
101,33165
225067,33335
227357,33433
8550,33554
227687,33680
225120,33725
225050,33847
225113,33848
1211,33868
224933,33960
225101,34131
225126,34174
99,34221
554,34222
551,34313
3307,34319
3605,34339
7074,34685
323,34782
224960,34841
5816,34909
8524,34975
8450,35087
3457,35230
3468,35267
224986,35387
508,35504
223758,35606
3502,35644
3425,35678
225118,35691
225206,35785
2921,35834
227782,36044
151,36071
226136,36198
225106,36234
8418,36347
225137,36381
225087,36392
224775,36480
227366,36653
733,36673
225612,36836
225237,36845
346,37012
414,37050
224904,37233
228337,37242
220073,37288
223995,37330
220072,37335
327,37359
8436,37524
100,37528
446,37550
220587,37598
220644,37625
102,37717
224965,37786
227665,37897
8472,37960
225690,37961
228307,38240
427,38272
223996,38342
3370,38505
8469,38644
223994,38652
223997,38743
7914,38781
228004,38852
493,38879
228006,38897
498,38902
225323,38910
598,38947
499,38957
496,38962
592,39277
224806,39283
225189,39428
223926,39541
228396,39605
224640,39848
225097,39849
89,39890
220227,40009
848,40063
8485,40103
570,40112
784,40129
228395,40178
223993,40203
225099,40383
773,40443
224417,40523
226139,40666
225094,40691
286,40807
227666,40891
224119,40927
228394,40951
224979,41021
227369,41112
770,41249
225018,41324
769,41393
228005,41505
388,41537
225131,41539
917,41702
925,41704
930,41704
935,41704
924,41704
927,41704
916,41704
919,41704
762,41704
69,41704
920,41704
227664,41755
227662,41919
227667,42114
358,42330
225092,42648
731,42660
8403,42778
228332,42780
823,43159
3453,43247
228398,43305
227681,43663
224105,43715
228414,43726
8371,43950
224946,44033
8501,44042
224831,44244
224700,44275
303,44500
224830,44659
93,45568
3311,45737
8417,45754
227588,45804
228397,45813
224169,45826
228410,45903
227663,45915
3549,45956
228411,46017
228409,46096
228412,46150
226531,46255
224639,46452
224924,46553
5683,46913
224067,47069
763,47689
461,47838
338,47874
58,48169
224910,48231
225072,48335
3681,48527
8443,48685
224973,49003
227988,49041
227464,49112
353,49128
3401,49155
3551,49705
224889,49913
224939,49922
926,49947
224065,50167
225,50242
3403,50350
462,50564
471,50660
8531,51156
1538,51181
224846,51206
1045,51714
3599,51999
225103,52107
3306,52321
3690,53070
224959,53217
8493,53267
463,53275
224562,53288
1699,53978
3374,54077
387,54102
464,54289
173,54669
468,54729
224932,54974
612,55035
147,55070
665,55289
624,55316
192,55390
225023,55448
225013,55563
146,55866
223921,55923
363,56027
29,56049
226586,56104
530,56268
225028,56763
227781,57714
224144,57811
142,57974
225004,58059
224152,58351
224829,58356
224151,58383
224150,58454
224149,58492
149,58565
225977,58587
225976,58808
148,58864
79,58962
611,58964
227473,59268
224903,59480
3565,59508
119,59525
152,59845
225183,59958
224154,59969
224153,60126
118,60203
224191,60918
224842,61260
223772,61268
226329,61763
8383,61780
226457,61879
224993,61913
225313,62144
3614,62810
224170,63158
1531,63316
604,63569
224633,63723
567,63822
3447,63978
3631,64365
227759,64529
410,64613
3495,64613
45,64870
8422,65969
163,66261
242,66411
3494,67072
205,67432
1191,67855
1811,68481
3543,68508
224631,68783
3563,69165
8430,69366
140,69425
225668,69432
3598,70041
250,70074
224009,70151
8514,70421
224945,70568
225059,70670
8380,70687
3630,70807
226537,71057
8435,71243
224012,71343
224762,71385
135,72095
345,72163
224759,72392
424,72510
691,72518
223924,73104
224923,73139
224146,73347
123,73352
818,73371
224758,73946
223762,74144
517,74260
518,74336
224632,74862
602,75351
224696,75376
589,75644
43,75934
376,76703
3511,76736
8454,76779
225188,76848
601,76925
224909,77208
588,77228
224938,77461
227066,77626
227688,78170
394,78237
225210,78474
224972,78522
224888,78567
228099,78672
224043,79144
8468,79246
114,79758
721,80002
225667,80126
591,80508
138,80579
226115,80817
228298,81432
227566,82115
227565,82167
8438,82559
357,82579
224958,83169
440,83234
519,83269
227239,84011
521,84163
8395,84360
227358,84821
92,85537
224010,85732
220058,86081
247,86082
3556,86134
220056,86155
224011,86214
207,86223
225310,86507
225309,86557
8389,86875
640,86940
225312,87182
201,88084
322,89037
224931,89281
436,89487
8523,89496
352,90130
3467,90252
224794,90821
400,91238
3518,91267
227349,91625
3405,92097
220765,92306
224188,92870
227465,93030
227467,93040
223923,94342
224902,95701
225811,95956
47,96191
8479,96418
688,97069
8373,98226
285,98384
545,98625
226,99159
6207,99331
6206,99556
223948,99735
227466,99769
326,100709
226814,101809
362,102283
96,102621
228299,102735
690,102886
692,102905
223936,102909
515,103150
228305,104325
3385,105531
94,105682
1286,106246
227378,106287
1530,106485
216,106509
228100,106779
516,107618
227668,107895
5905,107998
172,108850
660,109710
5911,111082
661,112305
582,112320
224850,112435
227684,112655
224005,113239
139,113296
226381,113440
136,113705
224944,113824
227756,114743
576,114916
1533,115030
224283,115037
97,115087
413,116010
393,116910
5908,117518
224701,117872
227780,118143
8402,119981
616,120766
122,121189
8429,121280
224937,121742
579,121920
226544,122062
166,123585
223872,124630
224731,125285
225184,125579
95,125707
220061,125781
300,126037
220059,127080
220060,127168
224564,128451
226169,129293
8478,129618
1522,129955
224730,130453
226543,131480
226137,131516
8510,131579
224037,132045
8475,132256
659,132395
227367,132549
645,133038
225234,133090
220546,133356
643,133654
8416,134222
1534,134269
224847,134360
170,134979
824,135032
225625,135036
224042,135205
5909,135319
815,135398
225677,135440
344,135582
224565,135811
165,136870
220228,137117
227457,137454
224851,138164
1542,138193
224226,138513
224041,139021
168,139500
226113,140058
224308,140136
225698,140179
224828,140198
220235,140215
220224,140229
1044,142416
169,143219
524,143318
399,143384
629,143483
2000,143868
227293,144018
223910,144341
223830,144429
224930,145205
223951,145832
223903,145895
224040,145989
825,146058
465,146407
580,146422
167,147086
221,147143
223982,147218
227472,147224
522,147365
8502,147403
220635,147786
3312,148012
3313,148089
3591,148273
223976,148302
816,148417
236,148431
4187,148995
4188,148996
227073,150220
7915,150685
227240,150828
507,151273
1523,151328
3337,151486
223983,152017
1162,152029
223754,152178
375,152424
225624,152475
227443,152671
1525,152788
220615,153010
224769,153703
321,153917
223979,154468
8522,154730
224767,154799
1532,154857
223751,155049
220621,155071
223752,155165
224848,155340
3466,156270
356,156828
664,157255
786,157554
227968,158185
224773,158800
386,159183
224281,159594
3513,160634
220602,160843
224771,161372
220645,162677
827,163293
224862,163379
422,164036
8390,164725
244,165467
421,165688
227442,165813
220545,165862
227949,167024
224259,167103
223837,168721
224415,168730
224832,168891
625,168955
1127,169319
224369,169324
223838,169458
8437,169916
3570,170332
662,171435
439,171590
1536,172143
3512,172771
431,173298
224370,173768
8552,174222
226105,174348
430,175054
543,175253
833,175977
90,176607
223796,177270
861,177933
5818,178112
224786,178286
226138,178564
3615,178760
8517,179192
226107,179249
227368,179907
225231,180086
202,180167
224291,181848
227292,182070
224007,187617
814,188034
230,188338
828,188983
412,189247
3451,190004
225978,190832
224785,190993
224372,191483
224373,192687
787,193368
224289,193661
788,193723
627,194752
781,195090
8394,195107
224079,195114
224075,195393
223875,195705
224735,195911
224561,196053
791,196054
227517,196419
684,197006
821,197635
224692,197738
3487,197834
227946,198125
5912,198590
5907,198627
8535,198933
224865,199317
241,199461
3340,199564
224072,200375
226253,200814
224409,200910
224077,201608
223834,202279
626,202705
223848,204626
3642,205743
226873,206831
226871,207294
8428,209174
224684,209506
224038,209797
227956,210189
223780,210362
227961,210784
224162,211392
224161,211531
3555,212292
223769,212440
3419,213291
227953,213373
223770,213455
227957,213938
3294,214380
116,214772
131,214924
284,215007
6208,215307
3404,215425
220046,215876
227952,215963
220047,216033
227951,217304
227960,217657
227959,217995
224688,219399
732,221297
837,221707
224738,222354
3459,222791
3400,223833
392,224805
1704,225515
3503,226367
325,226826
683,230412
227955,234585
3421,235179
224076,235257
535,235836
614,237091
227948,238517
1089,240582
223849,241255
224024,241373
227945,241963
3422,242255
227375,242560
227950,242608
130,243380
224017,244048
648,245378
187,246393
1535,246969
183,247744
225664,247833
682,249174
619,251678
227954,252399
208,254202
225185,255369
1043,255459
527,255864
225187,257925
223992,257985
8401,260253
137,261494
223947,262214
491,265245
223784,265988
1126,266847
283,268347
223935,269005
228096,269190
398,269441
776,269723
227346,271936
297,272373
227345,272778
227344,272788
227343,272951
3436,273085
813,274350
227342,274382
227341,274606
227947,276524
224686,277015
777,279512
779,282946
778,283116
780,283997
228306,284319
50,285028
1529,285829
223753,286519
224032,289268
223782,292417
227700,292992
374,293132
578,295051
324,297069
3427,299171
8492,299332
3460,301323
3547,303165
224879,304649
526,304870
3430,305083
1698,307506
3429,308076
3428,310808
224023,310950
3523,311006
224059,313500
224058,314165
224057,314330
224056,314436
224055,314576
224054,314800
238,315170
8474,315700
224000,315915
224651,320762
3446,323761
829,326112
620,328851
3626,331376
3437,336093
223991,337744
223791,337893
8400,340411
87,342103
83,343355
88,343468
86,343827
84,343942
82,344145
85,344150
417,344788
224860,347997
224028,351925
505,352328
224876,353425
320,354261
1425,354742
8521,354847
223943,355174
224031,355602
294,355945
224027,357147
227288,357287
227121,359019
3465,359092
72,360506
224026,360953
224733,361834
223907,362834
423,362993
223934,363283
590,363348
426,363750
226168,363978
596,364087
8393,364545
8382,365329
631,370897
235,372970
203,373504
157,375189
679,376047
224016,376384
223794,378243
676,378549
38,378898
811,380840
219,381589
444,382589
470,384488
3509,387650
218,388926
434,390855
411,396686
224690,399752
1047,399956
223920,404984
223918,405790
450,405820
224088,405832
3686,405991
224004,406071
223919,406123
223917,406416
610,407061
224015,407581
223904,408818
8529,408992
3577,410245
232,411185
223905,411190
8476,412227
225054,415751
3694,416176
3692,416413
656,416491
3583,416621
615,417049
3634,419870
3559,420055
3295,420613
720,420719
77,422882
8499,425500
655,425588
3304,426058
227944,426945
506,427050
548,427261
623,427754
3292,428745
3572,428915
224756,430305
223990,430827
3582,432996
3581,432997
3580,433003
3568,434931
3723,435385
3335,435466
807,435807
3664,436790
3632,438224
8477,438250
3519,438820
223985,439160
3386,439168
127,439198
3607,440057
3408,440422
3348,440454
3669,441119
8466,441424
657,442143
3353,442894
223916,443071
3627,443520
3338,443845
3339,443894
3373,445330
8467,446237
594,447568
223874,448412
223999,448421
584,448439
171,448498
8456,449319
224687,450204
3293,451581
224689,452937
8388,453715
224695,454192
585,454264
223873,455197
223876,455799
223783,455816
220292,456184
549,456297
477,456538
220293,456561
3291,457953
224685,458370
224001,458404
3652,461989
223911,464269
200,465642
224697,467046
622,471190
8392,472344
224003,472980
605,475987
197,477574
224089,478957
220339,480563
642,483009
229,483680
223902,484289
39,488169
722,488468
8448,489726
1427,495004
492,495659
223898,505798
224168,507112
226104,508206
40,509586
223989,510161
224073,510676
223987,511739
1623,512059
220074,514118
223988,516567
224641,517298
223986,517410
223761,522143
3476,522681
226732,523639
3655,532983
224085,542763
1622,546133
525,557635
223835,558061
223901,565468
223900,565894
224087,566898
220739,567463
8381,571289
223781,571334
190,572923
156,577780
223795,580026
644,591813
1087,592344
8367,601818
224642,618565
49,636690
8548,649745
5814,655454
621,666496
3420,673719
3327,679113
3645,690295
227958,716961
224093,717326
8480,719203
8537,725866
706,727719
27,737224
680,740176
224086,743354
223792,765274
677,772277
678,773891
478,774157
663,774213
224082,775873
224080,783321
425,783762
593,784361
428,786544
599,787137
224084,803619
1046,803816
3656,803881
154,818852
547,852968
32,878442
54,892239
479,917780
704,933238
707,937064
198,945638
454,950038
723,952177
184,954139
637,954354
210,955452
617,962191
8547,976252
5813,982518
432,1032728
674,1042512
1337,1083809
80,1136214
220051,1149537
220050,1149788
467,1155571
220052,1156173
1703,1174868
113,1198681
220180,1289885
220179,1290488
220181,1292916
8551,1375295
5817,1378959
31,1442406
456,1553537
8441,1573583
455,1579681
8532,1619782
3609,1621393
581,1641889
3603,1676872
8518,1687615
3450,1687886
834,1716561
8553,1769925
5819,1772387
8554,1796313
5820,1802684
8549,1804988
5815,1807316
224650,1849287
227969,1862707
220048,2023672
52,2072743
8368,2085994
51,2096678
1484,2261065
159,2544519
220277,2671816
220210,2737105
220045,2762225
1125,2955851
550,3205052
128,3216866
161,3236350
212,3303151
618,3386719
646,3418917
742,3464326
211,5180809
